Primer ID,Primer Name,Sequence
Progenitor Strain Creation,,
P0114,HML@_KANMX_F,TTTATTTTTTTCGCCTTTTATACAGACTTCAACACAATCA TCCGCTAGGGATAACAGGGT
P0115,HML@_KANMX_R,CTTAATTATATATATGCAGCTGTTACGGAGATGCAAAGCT GATCCGCGGCCGCATAG
P0118,ADE4_CaURA3_F,CTAATAAGTTTAGCAAAGAAAGAGGTACAGCAAACAGCAGAATAGAAAAA TCCGCTAGGGATAACAGGGT
P0119,ADE4_CaURA3_R,CGCATTTGGAAACTATTTTACATACAACTGAACAAGTTCGGAACAATCTA CGACCAGCATTCACATACGA
P0123,LYS2_LEU2_F,TTCAGTGAAAAACTGCTAATTATAGAGAGATATCACAGAGTTACTCACTA GTTTGGCCGAGCGGTCTA
P0124,LYS2_LEU2_R,AATTCATATTTAATTATTGTACATGGACATATCATACGTAATGCTCAACC TGGTGCCCTCCTCCTTGT
,,
ADE strain creation,,
P0155,ADE4_F,ATGCCAGGGTCATTGTACCG
P0156,ADE4_R,ATCGGGCCAAAAAGTGTTGC
P0069,﻿URA3_F,ACCCAACTGCACAGAACA
P0070,﻿URA3_R,CGACCGAGATTCCCGGGT
,,
HIS Strain Creation,,
P0151,HIS1_F,AGAATGCACAGGTGACTAGTGG
P0152,HIS3-HIS1_R,TAAAAAATACAAAATTAATCGGGATTTGGCTTCCCTTTTTCTGTTCTATC TACGGAATACCACTTGCCACC
,,
HIS Plasmid Creation,,
P0145,HIS1_pUC19_F,agctcggtacccggggatATCAGTCTTACAATAAAAGCCA
P0146,HIS1_HIS3_R,gtcgagaagACCTACAAAACTCCGAATATTTATGGG
P0147,HIS3_HIS1_F,tttgtaggtCTTCTCGACGTGGGCCTTTT
P0148,HIS3_pUC19_R,gcaggtcgactctagaggATATGAAATGCTTTTCTTGTTGTTCT
P0149,HIS1(FBR)MUT_F,GATAAATGTGATCTTGGTATAACTGGTGT
P0150,HIS1(FBR)MUT_R,CCAAGATCACATTTATCTTCACCAACA
,,
TRP Strain Creation,,
P0309,TRP2_F,AATGAAAAAAAAAAAGAGAAAGT
P0310,TRP1_TRP2_R,ttttattctgggattcaacatcggtgatttaatttttgtgttcaAAGCTGCCGGCGGTTG
,,
TRP Plasmid Creation,,
P0157,TRP2_pUC19_F,agctcggtacccggggatAATGAAAAAAAAAAAGAGAAAGT
P0158,TRP2_TRP1_R,tactcagtgtCATTTAAAAGTTTATTTGGGT
P0159,TRP1_TRP2_F,cttttaaatgACACTGAGTAATGGTAGTTA
P0160,TRP1_pUC19_R,gcaggtcgactctagaggAAGCTGCCGGCGGTTGTTT
,,
LYS Strain Creation,,
P0312,LYS21_F,CTGAACTATGAAGAGTCTTTGACCT
P0313,LYS2_LYS21_R,ccccctaaaagataataatgatgcttgaaatagttagcaaGTCAGTATCGACCTGTGAAG
,,
LYS Plasmid Creation,,
P0161,LYS21_pUC19_F,agctcggtacccggggatCTGAACTATGAAGAGTCTTTGACCT
P0162,LYS21_LYS2_R,gcaactgctATAGAAACCGATCATTTGACGT
P0163,LYS2_LYS21_F,ggtttctatAGCAGTTGCTTTCTCCTATGGG
P0164,LYS2_pUC19_R,gcaggtcgactctagaggGTCAGTATCGACCTGTGAAGATCA
,,
,,
,,
,,
,,
,,
,,
,,
,,
,,
,,
,,
,,
,,
,,
,,
,,